{
    "num_runs": 1,
    "average_classification_report": {
        "negative": {
            "precision": 0.8977018507219849,
            "recall": 0.8828,
            "f1-score": 0.890188565090249,
            "support": 5000.0
        },
        "positive": {
            "precision": 0.8847137517214243,
            "recall": 0.8994,
            "f1-score": 0.8919964296340375,
            "support": 5000.0
        },
        "macro avg": {
            "precision": 0.8912078012217046,
            "recall": 0.8911000000000001,
            "f1-score": 0.8910924973621434,
            "support": 10000.0
        },
        "weighted avg": {
            "precision": 0.8912078012217047,
            "recall": 0.8911000000000001,
            "f1-score": 0.8910924973621434,
            "support": 10000.0
        },
        "accuracy": 0.8911000000000001
    },
    "average_confusion_matrix": [
        [
            4414.0,
            586.0
        ],
        [
            503.0,
            4497.0
        ]
    ]
}